Type,Value,Source
Hash,d898f22ca7b36c18103138227e1d52b8,Public
Hash,f71198ff68979d356d0777f6e6336baa,Public
Hash,849ab91e93116ae420d2fe2136d24a87,Public
Hash,04fb0ccf3ef309b1cd587f609ab0e81e,Public
Hash,ee5b707249c562dc916b125e32950c8d,Public
Hash,650a3dce1380f9194361e0c7be9ffb97,Public
Hash,64e09cf2894d6e5ac50207edff787ed7,Public
Hash,ffd0f34739c1568797891b9961111464,Public
Hash,7dc6bbc202e039dd989e1e2a93d2ec2d,Public
Hash,d49c186b1bfd7c9233e5815c2572eb98,Public
Hash,ff8d92dfbcda572ef97c142017eec658,Public
Hash,a919b4454679ef60b39c82bd686ed141,Public
Hash,846cdb921841ac671c86350d494abf9c,Public
Hash,8d3b3d5b68a1d08485773d70c186d877,Public
Hash,b0877494d36fab1f9f4219c3defbfb19,Public
Hash,e42555b218248d1a2ba92c1532ef6786,Public
Hash,557ff68798c71652db8a85596a4bab72,Public
Hash,37e100dd8b2ad8b301b130c2bca3f1ea,Public
Hash,e58d4072c56a5dd3cc5cf768b8f37e5e,Public
Hash,48e00515cfad7f1ffb45982a8d190648,Public
Hash,11c476c7db48f1b02ecc5ae93f63e46d,Public
Hash,334cc0be79082859cfb7f3913c761da1,Public
Hash,97363d50a279492fda14cbab53429e75,Public
Hash,84d6e4ba1f4268e50810dacc7bbc3935,Public
Hash,ba08b593250c3ca5c13f56e2ca97d85e,Public
Hash,830a09ff05eac9a5f42897ba5176a36a,Public
Hash,5e87b09f9a3f1b728c9797560a38764b,Public
Hash,f8c89ccd8937f2b760e6706738210744,Public
Hash,77c60e5d2d99c3f63f2aea1773ed4653,Public
Hash,7d51ea0230d4692eeedc2d5a4cd66d2d,Public
Hash,36711896cfeb67f599305b590f195aec,Public
Hash,a0a96138b57ee24eed31b652ddf60d4e,Public
Hash,659bd19b562059f3f0cc978e15624fd9,Public
Hash,c0c467c8e9b2046d7053642cc9bdd57d,Public
Hash,3e856162c36b532925c8226b4ed3481c,Public
Hash,5909983db4d9023e4098e56361c96a6f,Public
Hash,7966c2c546b71e800397a67f942858d0,Public
Hash,c33754d068954ec9a61cc9165334a57e,Public
Hash,6edb5def1d82d09bf827d85cb42ab07e,Public
Hash,c4471e977dcce55f05da188406d38da7,Public
Hash,382e1eb5eb4028584e802420612977cb,Public
Hash,2079d0dd8d4039e3ac1de00bfffe9cd9,Public
Hash,4906401f2d80465732073771f2fc4dbf,Public
Hash,f7062294fd3132d52a7dda63d92fd4e4,Public
Hash,d88f2fda2b22d363207264ccb2c3bc08,Public
Hash,ea78869555018cdab3699e2df5d7e7f8,Public
Hash,dfd2cf91627783e7128c373e91c089f3,Public
Hash,87370de697847a69a9a90ba567c10f9e,Public
Hash,27fde2d6dbd43dedd5909747faab40d6,Public
Hash,e723b43d2a917ac54d33597deb6a96b7,Public
Hash,06f20cd107fca2e189aa0316cf0d33d0,Public
Hash,7ee9b79f4b5e19547707cbd960d4292f,Public
Hash,222874a9c712d6d04e362f31125a9888,Public
Hash,61baeb993ee324fc581115e5eb8cf2e1,Public
Hash,1015fa861318acbbfd405e54620aa5e3,Public
Hash,28ce14829400d6c34ef9e29ac1296c13,Public
Hash,407b5200c061123c9bd32e7eea21a57b,Public
Hash,2902f54dbd1f143784dfcb170dfc170d,Public
Hash,2f2e724dd7d726d34b3f2cfad92e6f9a,Public
Hash,89c6ccd4785f58b7cb253045ef662476,Public
Hash,e5809996b6126a5573623a9010eb4ee2,Public
Hash,36fe1e0db5e74ed3e6adc039720c54d6,Public
Hash,07377cf8abcabcf4ec87e9dde67672d6,Public
Hash,dbc30db0ed5ba1ea3b2e500823448c6c,Public
Hash,211db7515faa09aa0623b327bd1530f1,Public
Hash,f02a87562ffdd7a1c941dac4175854b0,Public
Hash,8b2e72f2b13c63a583ae9a9cd474adf6,Public
Hash,951c5f08eef4ef8acc3352a44c7c0e80,Public
Hash,06f945c39870743d51ca887efb32d649,Public
Hash,247c48b8758a9eba48bfe39c53ff9e6e,Public
Hash,48bda0c5e53b6d7ee7fb1da6130f325f,Public
Hash,0133bd3f26788732a580115218d98273,Public
Hash,9697d60b744a14b3003559d17cfc2f8f,Public
Hash,5e61778a1e660691dce99ebb8e5e257c,Public
Hash,284dcb880e68d66cb890ef85d78ea7ae,Public
Hash,0d69dae8f83f09b8671b8552a0acd319,Public
Hash,cb682ec885f353bcc51ac350bc015783,Public
Hash,4922247f9b83341987e0b4e80f5c153f,Public
Hash,407990337eac6582533df5c85528817a,Public
Hash,b8b43c4c4207b180ec8be82ff066172a,Public
Hash,64071aaa193ab18722553bf6f573547b,Public
Hash,7e8ebe133a530ea86f179c87fc8e51f7,Public
Hash,69b9d1fc0edb0a67909847e43ac79ccf,Public
Hash,cf13bdefb622fc90dcda39e20e45d636,Public
Hash,2a2a50ec29f741faecbff0bcf705da0a,Public
Hash,086186c935a68e7167113da46a17fa80,Public
Hash,db394163c7e6e511d0e4046ff34d67e2,Public
Hash,d12013fb90a60869cfdaaffe1a18467d,Public
Hash,bae0fc6f570ca12a9b2980dd00bc673c,Public
Hash,d761c07911138e605723f891965035b8,Public
Hash,468c5c3f46299c67366727a58e3322e4,Public
Hash,6d33db967323d822ba3239dcdfcb555c,Public
Hash,e8c21f8f50bc5720b1713322db4a9022,Public
Hash,46d3773e0e306b8a1ede7932b83fb034,Public
Hash,652c44a6b5d09bf4c749a4b4d1bae895,Public
Hash,a26d2c6f7df4b74b56f9376a2d234661,Public
Hash,4001d217c9a77d5839fbc033937f7ed4,Public
Hash,fcceb7a3bc3b0c48c8d9c91eb0b896ab,Public
Hash,b22b232381ea465aeb81fb7077141d06,Public
Hash,21aa8aa3a92ebca1963595a328061843,Public
Hash,e93bdab9e64bcce94f70a91e0ee115da,Public
Hash,e542c6fabe80af604d31ef8eaaf94053,Public
Hash,62d6fb0f33d0411ea6abd3167118a0e1,Public
Hash,882a60c3173e252469eb4731af3342bd,Public
Hash,53e2c1eb6b87e92b5f534503f011f6ee,Public
Hash,2555677876b50a03e42420838c1997f1,Public
Hash,4518f25c6307ef6d2ea5c0e66f2b16d1,Public
Hash,6d967f275beb3855980a80d60ef8023c,Public
Hash,d19c5c55733244f4a8d5a1af4e6c1250,Public
Hash,318b3661ec5929f069e7821fac537fe0,Public
Hash,7e1948326ff96a1b6f8e8d6dee152e28,Public
Hash,c024b658471a27ec5201f96f65f0b89a,Public
Hash,a752d48a4433eb2dd56c8946a345ac9e,Public
Hash,fbfeecea5a8c752c9bffdf6b9f7fcf50,Public
Hash,bb4155a5add9446b6354d46a78edc8d5,Public
Hash,eee464e5ded3f4e37d49c8a91b1eb157,Public
Hash,914151fa49be06ab570bb0db77ce6960,Public
Hash,d8ff9eb5582371745ffe1636a89f97ce,Public
Hash,2867ca5c273fbb128504a4e455e862a4,Public
Hash,9a026082cb80cdba1a68ae1d14f79b9d,Public
Hash,cdddd08982ca2dd76a63cbf603956f1a,Public
Hash,a8bb1d69fb8a9d323bbc5d78f0e62850,Public
Hash,dbd6a052331365a31f74e2c41d5cd132,Public
Hash,bbeca57f7993a34e6296c8dedb996b76,Public
Hash,f5b3106f2ff44bf860d077e77a1992e3,Public
Hash,a140420e12b68c872fe687967ac5ddbe,Public
Hash,42a5908ff9b65d3b1a1a9f52ca6f06a5,Public
Hash,2dc960eb4691a148ece5ee2b24932f03,Public
Hash,dda83ca52a9d9dbdc7752db8ed9533a9,Public
Hash,b02057f05f57f3a889a744533001cf7d,Public
Hash,221db0f664ea781b4dff81e0a354c63d,Public
Hash,1bc1df4b946e83f26c878f01145545a4,Public
Hash,5ed49962d13dcd6e0eab98f966273fca,Public
Hash,c839ae523f04e7859498de1dee570867,Public
Hash,6817b7a5d1542eff1cc404a44a31353a,Public
Hash,5e3ef894b490d1c931a5f70d44789316,Public
Hash,f88416bc9ffcb639f1357ebafe3ae9a7,Public
Hash,f9fa912e498f20c440dde32fc8a66608,Public
Hash,71b250a873a070415fed172759a42b7d,Public
Hash,9776f04d9c254a0b67f4dc000369a17c,Public
Hash,d53daa634260ed28fc2e8610ecf15ad3,Public
Hash,260eae2912475e51d82534b467e5746b,Public
Hash,337171764c99b7ae87c030e11cda00c6,Public
Hash,2a3e63fdbcbbad9b4be8b35a180ea0d4,Public
Hash,17548fb49ef598901ab83b7c630fbe9a,Public
Hash,93ffd591948223e806c248861735e006,Public
Hash,cbccba5f774642c80aacfed20d20435b,Public
Hash,4a89eb933fa87d85542488df6ae20d82,Public
Hash,38857fb40e0655495df270777043b813,Public
Hash,a7542a2dc4dd52bd4c9b08741dc32ad7,Public
Hash,d3ef032a67242789316e364f7e798ff4,Public
Hash,bb6b9a60c3b4062669bac3608ca7b0c1,Public
Hash,329ecc81b222a796f46859d16bd4813c,Public
Hash,359f5615dcf2f75bc74146afad630427,Public
Hash,63584677683b5fbf4f69053a8de9ecbe,Public
Hash,03275b5b1f9d11b1731d5746827d00b1,Public
Hash,3839d37a6a7a29a7af79f102e28b8bc2,Public
Hash,e5271b41cf32892cc16445ac0783f3f7,Public
Hash,3d09dee9bc20abf33b64bcb4c6d3130f,Public
Hash,99b86e64d76d21b2a5bfeb48b89e3935,Public
Hash,8d6737d573ef70b47fd39a4c5a552e0f,Public
Hash,7affcfb9857cc14dcc07fb8d226f03e0,Public
Hash,05e1247ff02d50aed81ecd9d0b93c41c,Public
Hash,1d6def7a4bed4a8772e3cae6926d405b,Public
Hash,dc758b9ecca41f7f66808258efbfc6cf,Public
Hash,d92db6b734b1db3874396506613a4962,Public
Hash,da220930ac3e45a713d9da2e6c1c246a,Public
Hash,b5605f71d18cc255dbbd910ac008ae6e,Public
Hash,63c1b74c829ee362730ff37d6101d276,Public
Hash,7af8c2055a608c920ba5e5c63fd43207,Public
Hash,fb2ac5049bdee8dd1753fa7e9d007e6b,Public
Hash,c8f1aff87d12e0e5c7082b8a565c4abb,Public
Hash,be473559dbd0098baab3e2a8ac40b780,Public
Hash,2a189598113d436e4b717abb76f1c652,Public
Hash,d55e9a302203c8800ca89b757b0588ed,Public
